Modèle,Accuracy,Precision,Recall,F1,ROC-AUC
random_forest,0.631578947368421,0.6153846153846154,0.47058823529411764,0.5333333333333333,0.665266106442577
xgboost,0.6052631578947368,0.5833333333333334,0.4117647058823529,0.4827586206896552,0.649859943977591
svm,0.5263157894736842,0.45454545454545453,0.29411764705882354,0.35714285714285715,0.6134453781512605
lightgbm,0.5526315789473685,0.5,0.35294117647058826,0.41379310344827586,0.6330532212885154
